id,first_name,last_name,email,gender,ip_address
1,Pearce,Nickoll,pnickoll0@wiley.com,Male,84.117.0.142
2,Victoir,Janous,vjanous1@twitter.com,Male,67.9.1.149
3,Lynne,Caine,lcaine2@drupal.org,Female,103.26.144.3
4,Bartlett,Oade,boade3@mashable.com,Male,91.212.215.238
5,Georgetta,Hallgarth,ghallgarth4@e-recht24.de,Non-binary,169.123.99.67
6,Paul,Gipson,pgipson5@51.la,Non-binary,72.192.204.30
7,Caralie,Simmonds,csimmonds6@netlog.com,Female,119.33.120.44
8,Nelie,Cinelli,ncinelli7@cyberchimps.com,Female,74.154.32.12
9,Bambie,Shalloe,bshalloe8@yandex.ru,Female,52.180.195.111
10,Morgen,Chasmar,mchasmar9@wsj.com,Female,78.160.210.145
11,Lorry,Pervew,lpervewa@weibo.com,Male,45.60.82.66
12,Eva,Adrianello,eadrianellob@about.me,Female,215.18.236.134
13,Geri,McIlmurray,gmcilmurrayc@phpbb.com,Female,80.251.150.181
14,Rice,Autrie,rautried@cnet.com,Male,25.48.182.48
15,Brenda,Askem,baskeme@mashable.com,Female,205.10.22.152
16,Ario,Garnar,agarnarf@census.gov,Male,175.166.153.42
17,Gabby,Harber,gharberg@nbcnews.com,Male,96.102.230.108
18,Delcine,Cross,dcrossh@yahoo.co.jp,Female,204.196.33.96
19,Carolina,Troake,ctroakei@squidoo.com,Female,197.42.165.217
20,Karlik,Benbrick,kbenbrickj@paypal.com,Male,198.211.5.129
